{
    "Linear Regression": {
        "MAE": 4174.0478764864665,
        "MSE": 33544907.381259,
        "R\u00b2": 0.783927977646397
    },
    "customLinearRegressionModel": {
        "MAE": 4173.984636947959,
        "MSE": 33546042.93376258,
        "R\u00b2": 0.7839206632387836
    },
    "customRandomForestRegressionModel": {
        "MAE": 2630.3724519745647,
        "MSE": 20803136.199855432,
        "R\u00b2": 0.8660012484484759
    },
    "Random Forest": {
        "MAE": 2545.318558481749,
        "MSE": 21210843.328208372,
        "R\u00b2": 0.8633750941189988
    }
}